{"_timestamp": 1581656895.276201, "validation_macro_fscore": 0.0, "train_macro_fscore": 0.0, "validation_loss": 2.8296685218811035, "test_metrics": "{'precision': {0: 1.0, 8: 0, 11: 0.0}, 'recall': {0: 1.0, 8: 0.0, 11: 0}, 'fscore': {0: 1.0, 8: 0, 11: 0}, 'num_tp': {0: 1, 8: 0, 11: 0}, 'num_fp': {0: 0, 8: 0, 11: 1}, 'num_fn': {0: 0, 8: 1, 11: 0}, 'macro_precision': 0.3333, 'macro_recall': 0.3333, 'macro_fscore': 0.3333, 'micro_precision': 0.5, 'micro_recall': 0.5, 'micro_fscore': 0.5}", "_runtime": 18.69503903388977, "train_loss": 2.5931527614593506, "_step": 1}
