{"_timestamp": 1581298816.6246579, "train_macro_fscore": 0.0193, "validation_loss": 3.7715003490448, "train_loss": 3.9893808428025404, "_runtime": 58.86291980743408, "_step": 2, "validation_macro_fscore": 0.0256, "test_metrics": "{'precision': {0: 1.0, 1: 0, 2: 0, 3: 0, 6: 0.0, 7: 0.0, 11: 0.0, 13: 0.0, 14: 0.0, 15: 0.0, 16: 0.0, 20: 0.0, 22: 0.0}, 'recall': {0: 0.0333, 1: 0.0, 2: 0.0, 3: 0.0, 6: 0, 7: 0.0, 11: 0, 13: 0.0, 14: 0, 15: 0, 16: 0, 20: 0, 22: 0}, 'fscore': {0: 0.0645, 1: 0, 2: 0, 3: 0, 6: 0, 7: 0, 11: 0, 13: 0, 14: 0, 15: 0, 16: 0, 20: 0, 22: 0}, 'num_tp': {0: 1, 1: 0, 2: 0, 3: 0, 6: 0, 7: 0, 11: 0, 13: 0, 14: 0, 15: 0, 16: 0, 20: 0, 22: 0}, 'num_fp': {0: 0, 1: 0, 2: 0, 3: 0, 6: 12, 7: 1, 11: 1, 13: 2, 14: 1, 15: 1, 16: 3, 20: 2, 22: 13}, 'num_fn': {0: 29, 1: 2, 2: 1, 3: 2, 6: 0, 7: 1, 11: 0, 13: 1, 14: 0, 15: 0, 16: 0, 20: 0, 22: 0}, 'macro_precision': 0.0769, 'macro_recall': 0.0026, 'macro_fscore': 0.005, 'micro_precision': 0.027, 'micro_recall': 0.027, 'micro_fscore': 0.027}"}
